Country Name,Country Code,1990,1991,1992,1993,1994,1995,1996,1997,1998,1999,2000,2001,2002,2003,2004,2005,2006,2007,2008,2009,2010,2011,2012,2013,2014,2015,2016,2017,2018,2019
Aruba,ABW,,,,,,,,,,,,,,,,,,,,,,,,,,3.324540924,,,,
Afghanistan,AFG,1.884112773,1.995913063,1.332501747,1.760636542,2.245612996,1.485691936,1.548476916,1.599236643,1.648977886,1.570681102,1.686173124,1.827398887,1.360282562,1.325028253,1.143996358,1.267647242,1.408623132,1.460937575,2.147589912,2.617060398,2.939936558,3.755923312,2.984757176,2.751181713,2.637532569,2.457705002,,,,
Angola,AGO,4.605299718,4.772857958,5.155180405,7.090346605,6.944231409,6.285041085,5.816001771,5.507563152,5.143653728,5.233148287,5.218280891,5.227248303,5.876512797,6.025119691,5.590728406,4.568534589,4.151633624,3.612273135,3.435367756,3.64542774,3.697914144,3.695967555,3.857077991,3.615593683,3.646200582,3.605959068,,,,
Albania,ALB,7.912243196,7.866893331,6.153274822,5.501337309,5.40208456,4.478546955,4.380990718,4.19322073,4.240864148,5.01370938,4.705437455,4.443339271,4.696960808,4.344377214,4.517187374,4.275716533,3.958693064,3.568300331,3.442663378,3.409104943,3.256748236,3.322800967,2.941323617,3.382528489,3.158878953,2.886611482,,,,
Andorra,AND,,,,,,,,,,,,,,,,,,,,,,,,,,,,,,
Arab World,ARB,4.161014779,4.536309709,4.713871527,4.870452805,4.998206276,4.962750686,4.923850626,4.824835525,4.6201548,4.550970895,4.506724414,4.723778429,4.891309731,4.808529121,4.665290761,4.634998334,4.639787365,4.576093194,4.626283638,4.789990314,4.857822059,4.757558837,4.879857741,4.762786298,4.8339556,4.753832823,,,,
United Arab Emirates,ARE,4.122107259,4.700040512,4.328933622,4.49618333,4.660506232,4.641821735,4.632292926,4.522896209,4.611721539,4.576284544,4.036078477,5.076423573,4.915552589,4.444911249,4.327944637,4.388426055,4.148020195,4.363040043,5.002097827,5.335314939,5.401543554,5.354378162,5.324712688,5.220465415,5.268228526,5.080419658,,,,
Argentina,ARG,5.439096615,4.976391318,4.675156782,4.427266975,4.449945204,4.646260302,4.565404382,4.358095562,4.340047742,4.569068273,4.660004198,4.637306386,5.058086733,4.972667694,4.982357018,4.60310755,4.630748986,4.302810279,4.352851958,4.503318515,4.251181956,4.10057606,4.158853351,4.175141824,4.344156368,4.340101621,,,,
Armenia,ARM,24.37219694,29.09418599,25.41433453,14.79167683,8.823771098,9.847320092,10.07337073,10.19181254,9.674178935,9.054857915,9.395125724,8.537894311,7.056697863,6.533606886,6.253430401,6.586656314,5.925896372,5.808758548,5.721859565,5.79058511,5.390734123,5.630539878,5.745630912,5.430581129,5.347381268,5.382442932,,,,
American Samoa,ASM,,,,,,,,,,,,,,,,,,,,,,,,,,,,,,
Antigua and Barbuda,ATG,3.953882216,3.710418236,3.639860773,3.530636882,3.28467528,3.50668386,3.456936122,3.461551274,3.43076397,3.415401888,3.371332142,3.512185361,3.640217088,3.70822558,3.675154916,3.536519815,3.249176539,3.116334811,3.190453904,3.828721889,4.181389362,4.184252305,4.137797271,4.152174587,4.011551141,3.891629265,,,,
Australia,AUS,7.416865313,7.341423042,7.448726037,7.502966324,7.206735771,7.076343308,7.25302834,7.155548682,7.029638073,6.84048542,6.704753755,6.434317737,6.412698828,6.297904428,6.149718709,6.001137337,6.068309792,6.049090187,6.048628654,5.9604191,5.863813454,5.759660434,5.488347892,5.346124565,5.150979283,5.031155464,,,,
Austria,AUT,4.360147231,4.487398795,4.223352417,4.249310644,4.138391191,4.210651263,4.370014462,4.244695098,4.168238629,4.01507657,3.870489939,4.035368616,4.005342175,4.206381086,4.156259043,4.176705531,4.054619163,3.86861903,3.833557613,3.763536484,3.9477968,3.729968116,3.685536048,3.726138543,3.555638114,3.608376708,,,,
Azerbaijan,AZE,15.56773215,15.53230593,16.26152194,18.94970765,21.41715,22.81656074,19.03631814,17.33476474,16.35894819,14.16544041,13.17761042,12.14865925,11.09453283,10.49405336,10.01398588,8.319654598,6.096061348,4.462594036,4.431084492,3.62863822,3.358711178,3.639166761,3.88132061,3.719211335,3.762405728,3.730140783,,,,
Burundi,BDI,9.78518863,9.528846601,9.464861701,10.4120745,11.3215954,12.65530845,14.40298113,15.00265473,14.73072359,10.88262587,11.3449435,15.60267059,15.19299734,15.48795612,15.10539889,15.12467038,14.65311171,14.24473314,13.79717926,13.51131993,13.30081653,13.04384721,7.931523954,7.958483564,7.826447063,7.722184375,,,,
Belgium,BEL,6.621931887,6.793097133,6.764406205,6.668569831,6.855338697,6.81512238,7.06435019,6.812058023,6.790972163,6.583584835,6.432430662,6.362949995,6.008336417,6.208527992,6.019947749,5.889367817,5.695156695,5.413183527,5.535094703,5.440103234,5.698716746,5.213626749,4.983873047,5.164315523,4.782440467,4.741274111,,,,
Benin,BEN,9.551849739,9.304420965,9.260149538,8.955188148,8.968659679,8.642973366,9.647198512,9.466275219,8.982026692,8.894573168,7.254961503,7.325107099,7.50897607,7.655789775,7.653724135,7.551457437,8.572005956,8.793371797,8.569375631,8.78718414,9.142017246,9.12302419,9.031233378,8.831967482,8.615622669,9.07481537,,,,
Burkina Faso,BFA,12.91720727,12.03042375,12.33273446,12.25132462,12.44883783,11.90764095,10.96523872,10.57291014,10.03350826,6.630363484,6.802204123,6.389830473,5.216347116,4.997043287,5.952552277,6.877003536,6.93912579,7.028742614,6.984991906,6.84565604,6.438594833,6.273846712,6.172139832,6.271369012,5.949926311,6.03244507,,,,
Bangladesh,BGD,3.899469758,3.714224405,3.718039578,3.748966664,3.768983431,3.900833411,3.754144189,3.753244071,3.72007096,3.601241246,3.5389381,3.684130513,3.632886922,3.654838129,3.537152982,3.447571281,3.462797908,3.37923653,3.345618172,3.350706506,3.437324786,3.34942384,3.299577589,3.178493909,3.129437284,3.139805024,,,,
Bulgaria,BGR,14.59986149,12.37190284,12.46787236,13.57119819,12.92389419,13.63457464,13.3461696,12.23255874,11.37377084,11.01782545,10.6589913,10.65591435,9.793867278,9.551786574,8.719116575,8.589515595,8.272861592,7.555034851,7.055255267,6.497586047,6.629887109,7.02259481,6.689322713,6.086377139,6.35695483,6.384174926,,,,
Bahrain,BHR,12.48408539,11.04827848,11.39285525,10.63791412,11.3359089,11.04497315,10.60538159,11.59639947,11.62681592,11.04499987,11.07838126,11.10765323,11.11555728,11.12252323,10.43621219,11.22353106,11.29334147,10.91217067,11.13421668,10.54594465,10.44919913,10.23701359,9.79422095,10.13882683,9.922769246,9.785209771,,,,
"Bahamas, The",BHS,4.3429759,4.137246103,4.327688999,4.092933523,3.937550817,3.758468316,3.578945661,2.899915275,3.370853312,3.137042988,3.00075257,2.768690916,2.71018851,2.670320762,2.999904553,3.01412853,2.821683474,2.844703351,2.566425474,2.969592083,2.937502917,3.26212884,3.388623521,4.739870953,4.027368648,4.033472108,,,,
Bosnia and Herzegovina,BIH,47.10593136,46.7729445,35.20926574,29.98769994,10.44757244,9.004985847,5.566297891,6.394539646,6.875082617,6.207444223,7.716841285,7.143132158,7.116502978,6.831553989,7.039119158,6.78290436,6.768848282,6.406969454,6.826908516,7.330364068,7.583267144,8.285172225,7.823043819,7.377198592,8.753814155,8.723512471,,,,
Belarus,BLR,23.12784454,22.80707626,21.05220292,19.4039932,18.6608029,19.26698573,19.24661914,17.23318644,15.57329503,14.66597105,14.08769458,13.50905891,13.11045019,12.60871198,11.70003338,10.68391185,10.33864288,9.32464601,8.473414519,8.02913469,7.732634899,7.811359369,7.980433311,7.061407831,6.832916452,6.470068165,,,,
Belize,BLZ,8.555063667,8.544715692,7.44209268,7.418592053,7.375249592,7.581266822,6.801713794,7.740965159,7.153229944,6.443703022,6.362329764,6.383573171,5.962462211,5.33489759,5.083488943,4.884491878,5.124873401,5.050241209,4.594280816,5.355450921,5.056885358,5.445119933,4.694368437,4.848994519,4.529278834,5.106705462,,,,
Bermuda,BMU,2.937574222,3.335271999,2.818175623,3.206561671,3.151502506,2.997902485,2.899856506,2.751237402,2.626522781,2.479117464,2.288186911,2.165968408,2.297994965,2.238876727,2.258872356,2.215343624,2.362224749,2.735172715,2.382565825,1.840572882,2.308201796,1.757345064,2.038060826,1.945814721,2.298463362,2.026266021,,,,
Bolivia,BOL,4.300148891,4.211107438,4.388102377,4.499264604,4.73174146,5.072729199,5.225915979,5.430495408,5.226353035,5.114195891,5.581231251,4.270664342,4.995618305,5.056614415,4.859962609,5.076154077,6.062453788,4.723708253,4.732881215,4.769875997,4.990109225,5.009193571,5.478374723,5.157519266,5.167152493,4.948243093,,,,
Brazil,BRA,3.809575122,3.823798864,3.881791472,3.801583173,3.79938653,3.763228873,3.877785389,3.94084954,4.021782599,4.093738951,3.947845721,3.951217469,3.935620577,3.955210904,3.947738677,3.92159461,3.903329868,3.88866755,3.906363882,3.783438938,3.890559644,3.802765057,3.892953569,3.939832051,4.043844382,4.130221394,,,,
Barbados,BRB,4.645774512,5.287688108,4.51240196,5.31615887,3.658723426,3.89279356,3.807532035,3.7086796,4.159431319,4.4807475,4.206977855,4.375941609,4.249839702,4.269242415,4.327609866,4.324925453,4.172277376,4.105815187,4.87143963,5.129654304,4.738612744,4.683021406,4.560375586,4.470882929,3.877799352,3.78336014,,,,
Brunei Darussalam,BRN,3.651003116,4.002543733,4.10825437,3.942778303,3.546736396,4.067353727,3.979842618,4.171698416,4.177436551,4.133228955,4.040104354,3.640716185,3.425046538,3.86458634,3.525559043,3.391455174,4.616059019,4.719663684,5.283453305,4.619480474,4.794746667,5.540701162,5.427937907,4.388223656,4.749922448,3.6522582,,,,
Bhutan,BTN,30.01532148,30.2889944,29.32919454,28.51732598,27.56786543,26.31276717,25.65033959,25.15153476,24.32113225,22.8580281,21.79413599,20.47606632,18.98058529,17.79110221,16.83079261,16.21435454,15.50684475,13.73789061,13.6392183,13.20037747,12.55109166,11.75942347,11.56007434,11.64543574,11.06016415,10.40792258,,,,
Botswana,BWA,4.564233989,4.325961179,4.843910666,4.767090577,4.532921766,4.337375286,3.998546294,3.883625033,4.352530879,4.098529413,4.177480943,4.215876812,4.037431085,3.846477064,3.68296313,3.635083611,3.466821619,3.308913126,3.295927451,3.329069208,3.356478198,3.040764484,3.30144105,3.178144034,3.295525765,3.351028055,,,,
Central African Republic,CAF,11.19340123,11.28548654,12.80514298,12.81208248,11.43914363,10.67208023,9.843245006,9.644384081,9.225412672,7.008622409,7.200188247,6.796123853,6.558921252,6.880780213,6.528961416,6.483504121,6.32636172,6.057809276,5.947499609,5.84661294,5.705791049,5.589503201,5.468985607,8.733695375,8.86589517,8.103724765,,,,
Canada,CAN,10.16972227,10.36505173,10.51333425,10.58458036,10.48702548,10.34915049,10.3869578,10.06362528,9.6375443,9.42412165,9.219352101,8.926605269,8.692584036,8.990512106,8.923653206,8.69429228,8.373036595,8.25717246,8.245778296,8.176821239,8.012111495,7.968375106,7.738906899,7.661600544,7.647191113,7.341491418,,,,
Central Europe and the Baltics,CEB,10.74637761,10.244073,10.11929541,10.02818101,9.259856214,9.085009689,8.973749801,8.520594255,7.899920697,7.350391024,6.979518184,6.944785342,6.750532735,6.666610335,6.308359098,6.087259591,5.855171157,5.490339143,5.284312791,5.113478933,5.220865698,5.055453599,4.874856706,4.693706886,4.454842775,4.385113985,,,,
Switzerland,CHE,3.259338974,3.339558816,3.355852883,3.275964474,3.26410536,3.20213897,3.245266314,3.227810891,3.173438175,3.127694488,2.968949934,3.108250035,3.025583232,3.036591086,2.963374229,2.859747563,2.870579249,2.621101093,2.663215546,2.741257189,2.586760908,2.460109773,2.456806363,2.51924697,2.260459146,2.194576273,,,,
Channel Islands,CHI,,,,,,,,,,,,,,,,,,,,,,,,,,,,,,
Chile,CHL,4.828339866,4.572700142,4.404109161,4.218873194,4.291037187,4.1679587,4.297957228,4.514465296,4.528261805,4.848140596,4.665483307,4.429966482,4.488778814,4.36281735,4.381532265,4.279382091,4.266401146,4.208015603,4.034863536,3.968721052,3.921228151,4.03659434,4.237429395,4.238278689,3.768751083,3.776851218,,,,
China,CHN,21.17944283,18.87711071,17.08054666,15.87974562,14.70799587,14.22762923,13.3030465,12.16643641,11.35795951,10.75796138,10.23305051,9.833583306,9.621842057,9.994209983,10.35599738,10.28130878,9.974489413,9.446755652,8.888790121,8.693872841,8.679178537,8.502319501,8.190299441,7.851333803,7.104220001,6.690069702,,,,
Cote d'Ivoire,CIV,4.643192126,4.774664523,5.220167177,5.416513994,5.505597544,5.120084256,5.338497446,5.250650503,4.99123684,5.856220039,5.779782232,5.551838665,6.034799624,5.78367537,8.051701381,8.18734575,7.931036677,8.388273166,8.221952336,7.297343602,7.752552195,9.29580568,9.104004576,8.927539842,8.440094011,7.235900982,,,,
Cameroon,CMR,6.240922519,6.550969363,6.834057725,7.679894161,7.785722732,7.607671999,7.430601279,7.256539747,7.117312465,6.89252364,6.899613226,6.679532578,6.57419431,6.576277719,6.539085427,6.430275329,5.936699966,5.421705259,5.31584029,5.638176434,5.50139723,5.091183432,5.020040786,4.997408063,4.860077438,4.777529662,,,,
"Congo, Dem. Rep.",COD,11.14499,12.18454,13.86295,16.34144,17.06602,17.66595,18.45516,19.89719,20.72088,21.70473,23.37119,24.67414,24.80039,24.36618,23.73801,23.23101,22.89278,22.32833,21.79572,21.82662,21.134,21.0028,24.3179,23.55276,22.58516,20.937,,,,
"Congo, Rep.",COG,2.627524995,2.679317975,2.579432421,2.621187487,2.392020714,2.62639719,2.373120809,2.285176499,2.204765891,2.227989102,2.05656395,2.220896895,2.139112207,2.504057872,2.569673817,2.580117691,3.170103178,2.86090714,2.899769003,3.081005571,3.085914092,3.972967339,4.386661302,4.350413008,4.078888254,4.01614201,,,,
Colombia,COL,3.927998139,3.882419891,3.780804062,3.863536465,3.779381382,3.655298196,3.669007668,3.441880814,3.584028446,3.345834083,3.219565946,3.153419556,3.016148148,2.963413884,2.842356476,2.827878244,2.785625649,2.589646033,2.618370278,2.670256737,2.610023951,2.452509973,2.379313833,2.420419477,2.341951577,2.258013702,,,,
Comoros,COM,3.346063254,3.686732363,3.516338125,3.56398997,4.507589841,4.538931815,4.748374018,4.95629689,4.31211292,4.404035283,4.188000588,4.240850126,4.212051201,4.650740112,4.850989749,4.68736194,5.016641369,4.123873605,4.210658515,4.591706246,4.943682757,4.612442588,4.644136613,4.972953151,4.663190839,4.691372991,,,,
Cabo Verde,CPV,4.0330945,4.145155922,3.95100461,3.774971241,3.305859326,3.051242441,3.103925864,2.883835386,2.678087813,2.743621427,2.670902027,2.844989674,2.986422666,3.100878519,3.034291464,3.529009427,3.48058172,3.226689688,2.849430349,3.152243408,3.162907242,3.344680587,2.840059439,2.804618555,2.69585812,2.772725823,,,,
Costa Rica,CRI,3.111192075,3.218435837,3.807065221,3.616545235,3.402254044,3.34079092,3.325520603,3.189832298,2.925780815,2.981235582,3.201234315,3.18606625,3.257361175,3.285718502,3.73352089,3.524806492,3.506011756,3.501223324,3.466639152,3.483155971,3.380725755,3.240789013,3.13274825,3.09942694,3.011811734,2.878981863,,,,
Caribbean small states,CSS,8.431643605,8.226671232,8.961304168,8.577395951,8.427017071,8.273065255,8.873291956,8.305784843,8.955403503,9.498594683,9.547178714,10.00993003,9.907020403,10.0844139,10.08394547,10.66530979,10.89369302,11.05870205,10.3911464,10.71186081,11.26557695,11.11004698,10.78551581,10.92634252,10.32864418,10.36648316,,,,
Cuba,CUB,5.029462899,4.659978164,4.617658115,4.531074405,4.636382618,4.524074976,4.580990788,4.579089226,4.285823352,4.198972349,4.249100862,4.02348686,3.696341745,3.543649397,3.274524497,2.785878781,2.482029477,2.202804848,2.246373691,2.347202987,2.479070724,2.267412246,2.274504369,2.130060969,2.13362346,2.107222144,,,,
Curacao,CUW,,,,,,,,,,,,,,,,,,,,,,,,,,,,,,
Cayman Islands,CYM,,,,,,,,,,,,,,,,,,,,,,,,,,,,,,
Cyprus,CYP,4.149007003,4.203008314,4.324833151,4.611114157,4.975387351,4.130950492,4.519627336,4.324669696,4.404288716,4.229376843,4.305025129,4.112236284,4.038411412,4.274511788,3.836012692,3.752852614,3.734778234,3.759394482,3.842810902,3.834268659,3.658630682,3.532757809,3.405302644,3.138913719,3.261150162,3.274623243,,,,
Czech Republic,CZE,10.12356121,10.36001668,10.11947631,9.804831402,9.237199762,8.814719316,8.722497874,8.839732544,8.589488312,7.886745542,7.949793262,7.922713309,7.878283576,7.956665584,7.762594438,7.205642547,6.899537591,6.543270817,6.224910189,6.129395811,6.311937448,5.968028048,5.996259897,5.934764748,5.733707062,5.507708699,,,,
Germany,DEU,5.882255835,5.486247419,5.282719615,5.28141612,5.130124908,5.095554435,5.224961854,5.085347983,4.956462247,4.749688494,4.635294282,4.694756909,4.589391211,4.59786268,4.576951194,4.511465998,4.47122845,4.099191676,4.099406678,4.068098366,4.115335557,3.773036713,3.771810715,3.831755977,3.640399424,3.603094155,,,,
Djibouti,DJI,3.532836398,3.677572537,3.717238927,4.038168227,4.047084674,4.253002943,4.553341401,4.797476088,4.748917008,4.722870038,5.017968389,5.166473638,5.347093033,5.39027323,5.102254389,5.041902069,4.815514166,4.902832008,4.92192603,4.537073015,4.760449471,4.306925124,4.415627485,4.3061946,4.126723088,3.411896622,,,,
Dominica,DMA,2.031702428,2.017758026,1.977010563,2.027983011,2.138269839,2.590307271,2.398158365,2.502006292,2.30657934,2.348857138,2.894728725,3.079035803,2.943779671,3.048643032,2.87242159,2.925587024,2.806986399,3.381522637,2.734151557,2.790448604,2.870921472,2.774198721,2.907823023,2.837565627,2.782690025,3.608517112,,,,
Denmark,DNK,4.251254886,4.653709165,4.36667339,4.488129088,4.402208133,4.231785227,4.65340421,4.175707012,4.018934897,3.740849092,3.504286356,3.582453738,3.528470809,3.716482843,3.503055506,3.324725293,3.435298787,3.325438477,3.256609903,3.27984728,3.418581904,3.122346966,3.001834531,3.05473534,2.65096504,2.606949617,,,,
Dominican Republic,DOM,4.395688464,4.389343887,4.404569494,3.981433204,4.4701997,4.45047413,4.335960157,4.479825017,4.424264245,4.312238626,4.386041007,4.178137764,4.191208856,3.976954558,3.550306432,3.532445384,3.304548277,3.098345545,3.012307377,2.928720175,2.84191879,2.814839304,2.896094163,2.605654016,2.41986981,2.452040245,,,,
Algeria,DZA,3.500934776,3.748161357,3.768854851,3.863424334,3.757739117,3.77719006,3.513266179,3.560951238,3.506474722,3.627038614,3.549440591,3.453076269,3.497747601,3.467578785,3.365929924,3.309822235,3.484977185,3.576547705,3.533948099,3.804011669,3.610867943,3.660624638,3.891393973,3.918351311,4.102356185,4.132702365,,,,
East Asia & Pacific (excluding high income),EAP,13.0544571,12.00550348,11.28292508,10.83160269,10.2298405,10.03903281,9.551872342,9.046666013,8.976635255,8.688813142,8.420270977,8.194618804,8.098718537,8.338307328,8.619076327,8.586910013,8.386289146,8.047461972,7.665916682,7.584870986,7.589584287,7.429321513,7.188625068,6.958243842,6.398834033,6.072819375,,,,
Early-demographic dividend,EAR,6.071790663,6.052328245,5.971529173,5.977498676,6.007829245,6.024788338,5.86332078,5.814729692,5.865223513,5.930276994,5.801171568,5.810893812,5.838488589,5.701425571,5.61709723,5.465470359,5.362707267,5.205192657,5.211193499,5.276634331,5.118047794,4.950277662,4.967236086,4.815966166,4.77316344,4.630483606,,,,
East Asia & Pacific,EAS,8.535315453,8.112324975,7.99806234,7.97208589,7.852112715,7.819781652,7.633703555,7.425019009,7.392514209,7.305703757,7.16529633,7.030789529,6.98754947,7.127198569,7.320313314,7.276849405,7.173396367,6.969394418,6.749394031,6.762273669,6.799793569,6.661747973,6.473411007,6.305816487,5.859167368,5.609857902,,,,
Europe & Central Asia (excluding high income),ECA,12.39923874,12.85555212,13.12926319,13.09266461,13.02885777,12.98354583,12.8292657,12.06972298,12.08471233,11.85350283,11.14121349,10.81707515,10.39038752,10.1176211,9.462151967,8.877703595,8.489013093,7.974222941,7.733131349,7.623336714,7.757432363,7.705150358,7.567724547,7.209963963,6.894378069,6.777711303,,,,
Europe & Central Asia,ECS,7.54732242,7.588794841,7.390820456,7.293603285,6.962151894,6.926721237,6.913811366,6.597558261,6.459996292,6.276993116,6.054208058,6.002959616,5.890088075,5.908054529,5.751876315,5.586318975,5.427321623,5.173688469,5.120278253,5.039771809,5.14980389,4.982703388,4.968141791,4.866174164,4.612659858,4.541953111,,,,
Ecuador,ECU,3.471200956,3.498313019,3.468615538,3.171312109,3.255243235,3.728035516,3.859756707,3.840776457,3.82161485,3.609628731,3.956223106,4.036159802,3.783835802,3.738319807,3.33635101,3.306643339,3.181268497,3.521907321,3.050588211,3.613218425,3.527957528,3.463383357,3.236580587,3.335297674,3.417907563,3.623227326,,,,
"Egypt, Arab Rep.",EGY,3.98089541,3.940612076,3.871970306,3.901866598,3.610311321,3.66903321,3.709221235,3.662016401,3.771646305,3.633996384,3.290803046,3.569468688,3.596836142,3.618392969,3.757478828,4.190676211,4.144380071,4.145413803,4.018762977,3.927917807,3.664708293,3.777364761,3.799718901,3.567258795,3.714344523,3.51107011,,,,
Euro area,EMU,5.027959536,4.998483105,4.929018698,4.947274349,4.836437345,4.920370491,4.995056203,4.854429441,4.795348693,4.654249623,4.539618118,4.560344192,4.514917204,4.574381746,4.535456281,4.468540229,4.337308998,4.137695988,4.109562793,4.068315813,4.1284618,3.900424277,3.899200309,3.880407128,3.686208546,3.671101618,,,,
Eritrea,ERI,,,10.60171651,9.81029892,8.347867426,8.522650169,8.188041012,7.540050547,4.816401169,4.99325873,5.202372723,5.012197676,4.909889205,5.401414367,4.93940932,4.934520932,4.539424853,4.622240519,4.820060099,4.965969665,4.987258784,4.705405031,4.808554763,4.868904124,4.741396717,4.828972556,,,,
Spain,ESP,4.025774405,4.072097107,4.109642215,3.982752827,4.105861339,4.17985313,4.011050453,4.11132278,4.140574581,4.154720369,4.136924937,4.081644959,4.085601552,4.095679913,4.143031769,4.078545405,3.911672736,3.823139888,3.656071351,3.48573642,3.482530245,3.461770102,3.548875061,3.367813648,3.308066631,3.327359042,,,,
Estonia,EST,17.98850554,18.23322398,16.65290977,14.6296811,15.06531268,13.709309,14.30791306,12.55144278,10.99993095,10.42781637,9.235859078,9.057598849,8.183602173,8.418182115,8.070110453,7.247801395,6.412805454,6.660014706,6.794021645,7.067713957,7.964254373,7.406647402,6.911668731,7.509976753,7.073665602,6.317018358,,,,
Ethiopia,ETH,30.62777387,34.11260658,38.26219649,35.23218429,35.46826961,34.65784112,31.87746437,31.79393618,33.94198341,33.18132473,32.25185376,30.90028904,31.34304557,33.05451195,29.97482643,27.46927338,25.5342218,23.62806956,21.97238829,20.75798563,18.96226638,17.63183002,16.69481066,15.62376818,14.67318586,13.66926417,,,,
European Union,EUU,5.638115058,5.631793291,5.5211251,5.530699059,5.365361465,5.403933911,5.475240937,5.273476237,5.149489281,4.960101451,4.804939451,4.807283586,4.732336892,4.76205543,4.68454261,4.597684045,4.457590327,4.242320469,4.195305044,4.132694437,4.209450063,3.976139271,3.963406683,3.909157685,3.696338182,3.661892704,,,,
Fragile and conflict affected situations,FCS,7.225014296,8.973042813,9.292845104,9.300989509,9.503468322,9.265852342,8.827113431,8.714532661,7.117192812,6.333121155,6.44816742,6.55826754,6.543135637,6.946834313,6.304221854,6.054812595,5.72014904,5.490145569,5.346247767,5.455308668,5.403185618,5.746012269,5.43150902,5.561127703,5.301925521,5.159446415,,,,
Finland,FIN,8.33241214,8.984833334,8.757385279,9.254140487,9.507525833,8.682203709,9.00927161,8.794066917,8.419894237,8.035134299,7.595924635,7.597617699,7.86169662,8.126520787,7.906339289,7.099144077,7.422568899,6.950301527,6.62889475,6.824643528,7.251961323,6.800210143,6.653857031,6.564407681,6.701320502,6.365684433,,,,
Fiji,FJI,4.555201992,4.998267997,4.911816029,4.802992549,5.019518711,4.530224552,4.533373546,4.073541979,3.54738517,3.741901144,3.817104551,4.183587142,3.663788452,3.920028226,4.492765217,3.749052938,3.98972704,3.704264337,3.187669035,2.596048325,3.274095295,3.240509144,3.039494006,3.265837364,3.116301518,4.853864716,,,,
France,FRA,5.447532803,5.698379908,5.512406362,5.637950686,5.300227458,5.408046496,5.636043733,5.338704796,5.305254589,5.122011483,4.979208979,5.050911098,5.007165382,5.055627496,4.990643234,4.932068645,4.740105419,4.577936356,4.589101947,4.52464753,4.577213349,4.315282989,4.316593164,4.310501534,4.082022916,4.101853699,,,,
Faroe Islands,FRO,,,,,,,,,,,,,,,,,,,,,,,,,,,,,,
"Micronesia, Fed. Sts.",FSM,,,5.045941104,4.668920285,4.828432609,4.763867258,4.919599721,5.375206364,5.50424765,5.169054548,5.496601537,7.236910749,6.095034477,5.994174045,6.202808415,5.026736652,5.198493318,5.908046668,5.348517825,7.148162551,5.009689911,5.298164982,5.772283719,6.241626255,6.844246204,6.587446613,,,,
Gabon,GAB,2.663770007,2.592229153,2.859319311,2.910449149,2.487525206,2.598559136,2.611188966,2.499953252,2.5698904,2.746841197,2.812491647,2.95599068,3.577236645,4.113073628,4.740728809,5.271025338,6.152547532,6.485774467,7.371457393,8.053718241,8.447934726,6.352233917,5.34823726,7.391749703,6.695885433,6.536376969,,,,
United Kingdom,GBR,5.657871281,5.924850844,5.877442702,5.784632537,5.604070688,5.475482918,5.563111248,5.243728851,5.122968917,4.980916122,4.817936878,4.705682216,4.489989819,4.419462289,4.293607104,4.188195306,4.012097379,3.769392992,3.728649409,3.668941727,3.740167958,3.400856793,3.465200612,3.352831074,3.068878182,3.017314468,,,,
Georgia,GEO,13.50180914,13.85896535,21.66247591,26.90651733,18.50130516,14.33966845,12.96719603,10.29727004,9.232724154,8.216648034,8.31953753,7.111507916,6.673006949,6.38966578,6.20393481,5.782747863,5.642128005,5.535444248,4.864959534,5.208925031,4.944773568,5.235154052,5.146379046,5.235502846,5.636552492,5.780135919,,,,
Ghana,GHA,7.888965099,7.753858888,7.730910282,7.72578171,7.782226757,7.823765177,7.737873687,7.760751907,7.834578111,7.7939201,6.142025614,5.943691865,5.65338092,5.084789557,4.812316897,4.504425408,4.510217058,4.32268464,3.960569358,4.09116712,4.135251167,3.870506404,3.832762752,3.736737437,3.568537794,3.745240322,,,,
Gibraltar,GIB,,,,,,,,,,,,,,,,,,,,,,,,,,,,,,
Guinea,GIN,15.50730843,15.71440193,11.87786374,11.48473515,11.35916814,15.3770405,14.95154094,10.24755611,10.06540818,13.17400772,12.84655527,12.54717472,12.06325524,11.99321458,11.8883021,11.6386233,11.45952399,11.41549331,10.93426429,11.13288478,11.39719078,11.09359823,10.6059523,10.08693747,10.17288937,10.61603851,,,,
"Gambia, The",GMB,4.767642157,4.740279424,4.772257614,4.799452227,4.66292979,4.739005975,4.635924089,4.446984072,4.423674469,4.325682689,4.683610536,4.530648176,4.973699218,4.692172882,4.443709757,4.522825375,4.588159241,4.861571858,4.685441462,4.695579095,4.414635018,4.70337121,4.517920172,4.269259392,4.620075222,4.498080953,,,,
Guinea-Bissau,GNB,12.62682881,12.13595571,12.10745383,12.05490625,11.68172315,11.34047832,10.3048526,9.907953397,13.92328369,14.38688143,13.68871922,13.61467766,13.98498326,14.42960752,14.31154607,13.93980568,13.85516605,13.71235674,13.41132225,13.22512013,12.86771531,11.94989218,12.35507513,12.44855558,12.37991099,12.01927215,,,,
Equatorial Guinea,GNQ,12.66450103,15.50491419,11.88980633,9.357992939,6.688648588,7.331252189,4.304999419,2.387696353,1.501697633,1.796353191,1.491861774,1.668832607,2.867519067,3.591647594,2.172172304,2.357526577,2.592111483,2.671073718,2.216483441,2.3966456,2.531548262,2.610374448,2.608902849,2.520594458,2.629228383,2.214436859,,,,
Greece,GRC,4.178203658,4.085797669,4.157357999,4.17180205,4.203898796,4.15391387,4.167562272,4.146574465,4.202625825,4.093507106,4.148134339,4.118488825,4.007873445,3.897841402,3.782051348,3.828394709,3.620715939,3.504792087,3.539770169,3.579140103,3.55173848,3.786016243,4.054509533,3.682004289,3.706200901,3.72312235,,,,
Grenada,GRD,2.241028939,2.254888746,2.37852841,2.57911292,2.87293897,2.996402634,2.943203233,3.117220362,3.083594547,3.03473384,2.951575088,3.085715109,3.113240047,3.016049878,2.946738828,2.741141673,2.95528185,2.949403193,3.033777152,3.259769268,3.399375923,3.247588899,3.491002731,3.843400945,2.954964831,2.971628839,,,,
Greenland,GRL,,,,,,,,,,,,,,,,,,,,,,,,,,,,,,
Guatemala,GTM,3.908459044,3.877035026,3.900538501,3.740736356,3.78913566,3.822924349,3.816489552,3.826469836,3.963299829,4.192285797,4.16779586,4.158155092,4.035765513,4.09176578,4.085284431,3.977602381,3.833558879,3.874722473,3.595447327,4.105399396,4.345127368,4.460229835,4.400079514,4.615932374,4.862503158,4.483455863,,,,
Guam,GUM,,,,,,,,,,,,,,,,,,,,,,,,,,,,,,
Guyana,GUY,11.58387556,9.419647986,9.244659762,8.746238185,9.835913806,9.649573355,9.446968284,9.155492817,9.419557856,9.660760651,9.295656064,9.135296044,9.333545425,9.197154116,9.369257931,8.337296673,7.407478793,7.835031223,7.541920116,7.26669112,7.357599779,7.495791551,7.461092888,6.715872586,6.611909566,6.36286668,,,,
High income,HIC,6.555207811,6.563202981,6.518733057,6.535399546,6.455785387,6.4168271,6.418677198,6.247305126,6.115793277,6.027570566,5.91937119,5.834797714,5.788404513,5.730682473,5.654329508,5.517561754,5.365479756,5.249018161,5.185042066,5.138159456,5.180067384,4.971641429,4.891854896,4.846969786,4.710545096,4.598839817,,,,
"Hong Kong SAR, China",HKG,2.344713721,2.301093711,2.573530473,2.402424658,2.28751301,2.22535666,2.103661138,1.925207192,2.670607381,3.194264531,2.509674071,2.601219991,2.374642275,2.370516713,2.048273889,1.88708071,1.859511958,1.876231246,1.801209986,1.943826047,1.694160354,1.744748011,1.657751334,1.573636727,1.553685814,1.488085793,,,,
Honduras,HND,6.339004011,6.193102393,6.115057401,5.883397464,6.188180314,6.322308147,6.127506533,6.375020241,6.651596005,5.960707099,5.766482228,6.054041382,6.07101105,6.312302505,6.404586457,6.312224416,5.755526535,6.364856756,6.05657653,5.947895977,5.871865338,6.269732057,6.097660115,6.018827044,6.014682578,6.152413251,,,,
Heavily indebted poor countries (HIPC),HPC,10.01335813,10.10462448,10.34459705,10.46179711,10.80384342,10.76806557,10.54563327,10.32832162,10.22251349,10.25414876,10.0524119,9.880989482,9.63606355,9.411784835,9.337901134,9.116323015,8.910025719,8.520943525,8.256525924,8.167125101,8.023054112,8.022805594,7.934108728,7.752358979,7.54846653,7.518417622,,,,
Croatia,HRV,4.903922025,5.364293748,5.562429571,6.250695313,5.788253372,5.588934938,5.448942187,5.403623498,5.480510411,5.465750711,5.070880369,5.088814757,4.974321284,5.055451803,4.855038633,4.730940985,4.489793043,4.439970167,4.241522531,4.428461852,4.450794166,4.356355101,4.191910278,4.148082602,3.946157917,4.053076043,,,,
Haiti,HTI,4.391253933,4.304373375,4.720577978,4.823610215,5.031711039,5.397193079,5.948895608,6.103423259,5.977431615,5.897969396,5.65963893,5.843474376,6.58679335,6.303752235,6.738715753,9.856399585,9.925120398,10.06307964,10.10727406,9.946923952,10.5830589,10.38126938,10.45566814,10.09329028,9.949935889,10.11189212,,,,
Hungary,HUN,6.838309854,7.392817339,6.98967299,7.191020453,6.76544404,6.923488131,7.1015366,6.730904741,6.37998884,6.13373661,5.769361111,5.68890411,5.445601119,5.353633962,5.088633893,5.15291929,4.923977291,4.795874844,4.709430756,4.729614175,4.855844503,4.631354943,4.434040025,4.16810402,4.21020415,4.318311506,,,,
IBRD only,IBD,9.172200116,9.089432774,8.859319813,8.660880828,8.358283906,8.295716539,8.029652637,7.723424418,7.557998712,7.428837725,7.187481602,7.098943104,7.033574524,7.089627009,7.060114292,6.949708896,6.78923113,6.544871396,6.398428895,6.390262657,6.369013154,6.27821809,6.182404362,6.018454707,5.733381576,5.529289112,,,,
IDA & IBRD total,IBT,9.197817371,9.129858457,8.918126225,8.737421521,8.451021756,8.389246442,8.131118116,7.842152549,7.690953823,7.572623868,7.330733631,7.243786719,7.177948292,7.208046175,7.128806274,7.00428012,6.833199998,6.588772527,6.435928524,6.40767469,6.37767431,6.293189789,6.195891426,6.027500241,5.749810597,5.560193989,,,,
IDA total,IDA,9.470870333,9.556200171,9.528621486,9.539945595,9.4389515,9.387137643,9.217525213,9.13508397,9.12159006,9.136415469,8.903264836,8.821266398,8.716782922,8.477410007,7.870738162,7.59530688,7.316693497,7.081004098,6.857759749,6.598819575,6.474085124,6.461957623,6.347522072,6.128372165,5.931866259,5.899942379,,,,
IDA blend,IDB,9.473155883,9.668648451,9.641717123,9.744555116,9.509999736,9.481024879,9.34040583,9.370952213,9.428102249,9.537015102,9.348930956,9.319449331,9.300233977,9.026079925,7.998130191,7.708766189,7.392212473,7.19517092,6.998873599,6.600200868,6.505063524,6.499245398,6.435258099,6.108708404,5.873622415,5.81008703,,,,
Indonesia,IDN,5.084265904,4.896183126,4.760128889,4.874808527,4.539016975,4.618482366,4.446190078,4.389319962,4.942071701,5.136350113,5.306297442,5.240059079,5.200615059,4.977443573,5.051965473,4.864494912,4.71929665,4.416816909,4.248701962,4.389533951,4.341845448,3.939386333,3.854676794,3.747057543,3.683529323,3.525222674,,,,
IDA only,IDX,9.468075426,9.417701273,9.386271532,9.293523575,9.352962851,9.275077135,9.07183786,8.862373387,8.771989792,8.68853579,8.413553243,8.282868009,8.080075761,7.881213928,7.730215953,7.470437392,7.234196701,6.958054182,6.709329684,6.597365073,6.441756245,6.422935204,6.25746586,6.148447081,5.991680975,5.991542564,,,,
Isle of Man,IMN,,,,,,,,,,,,,,,,,,,,,,,,,,,,,,
India,IND,8.291597909,8.548366552,8.400188527,8.211161678,7.994113011,7.858160303,7.530163675,7.524182021,7.256037794,7.050547079,6.949594871,6.724806376,6.672001023,6.333921729,6.181107871,5.877519466,5.661849048,5.507649299,5.56214241,5.646711932,5.353179242,5.232985711,5.199643316,4.98862544,4.960149499,4.730910449,,,,
Not classified,INX,,,,,,,,,,,,,,,,,,,,,,,,,,,,,,
Ireland,IRL,5.546097156,5.486900908,5.246256055,5.205511093,5.16627086,4.753076905,4.637568184,4.393033673,4.27871991,4.051750359,3.811651505,3.746902678,3.5464796,3.332706721,3.290750413,3.114495191,2.941423678,2.861884438,2.87863719,2.946759296,2.95338088,2.628518875,2.624374527,2.566207997,2.365128644,1.94829341,,,,
"Iran, Islamic Rep.",IRN,5.079498212,4.995707022,5.09086537,5.563046387,6.282725613,6.421362657,5.824058083,6.431092997,6.415957299,7.135313562,6.570410918,6.962037443,6.662708594,6.33782333,6.62441888,7.05480557,6.975376446,6.763739332,7.182003458,7.006062725,6.575472439,6.462903122,7.200446946,7.483547174,7.697669294,7.794116299,,,,
Iraq,IRQ,4.16933794,9.231703831,10.34476125,10.33439903,11.27451498,10.60546321,9.564195606,9.386506504,4.965676971,3.263607038,3.788196841,4.139660074,4.228261688,5.807578611,3.877038994,3.76044654,3.221024158,3.232996963,3.235723012,3.751234999,4.014334115,4.083890153,4.005534617,4.044761112,4.027473423,3.716267081,,,,
Iceland,ISL,12.98918588,11.90827054,12.01668643,12.74556935,12.47471746,12.47110236,12.82411257,11.95680598,11.94393667,12.89252041,13.79021228,12.85833963,13.17750627,12.82733862,11.7267653,11.2443691,13.36544959,14.49758539,16.14138554,17.57097804,18.31942797,19.21794717,18.53985335,18.57423211,18.10574784,16.5574956,,,,
Israel,ISR,5.203911962,4.848059046,5.275243888,5.238947143,5.225790688,5.141175532,4.980171272,5.045864129,4.959938645,4.653050609,4.644492791,4.864254038,4.782434399,4.958343042,4.593989602,4.224246727,4.401184678,4.244156747,4.52607027,4.204085167,4.295716259,4.081016075,4.160312995,3.836932589,3.437751671,3.590584397,,,,
Italy,ITA,3.520006111,3.552025475,3.500603774,3.512233179,3.394836914,3.582331668,3.533758449,3.519398105,3.560426282,3.55973303,3.497672209,3.448316484,3.463877076,3.624190107,3.59250605,3.626716622,3.52295333,3.460545796,3.451213101,3.409493031,3.434370982,3.301290762,3.262783477,3.19857425,2.977931579,3.072198971,,,,
Jamaica,JAM,6.60393979,6.32281914,6.527837425,5.983813844,6.017410313,6.257604803,6.602365656,6.678034904,7.106302994,7.228940851,7.580108002,7.502890158,6.859626043,6.893640749,6.881761625,6.738327532,7.33732555,7.274781689,6.165598042,5.533341589,4.973365738,5.215398691,5.094756873,5.265142073,5.102949008,5.207201442,,,,
Jordan,JOR,6.127001465,6.219472974,5.887744782,5.574061484,5.69228794,5.711660399,5.740503615,5.677785988,5.700439323,5.495370882,5.518952679,5.190353016,5.15331589,5.058255278,5.60025606,5.55916156,5.27945554,5.133498504,4.694298097,4.69547415,4.370028733,4.238509138,4.587135286,4.3913486,4.508938447,4.642661425,,,,
Japan,JPN,5.031471974,4.917855425,4.99219593,5.016003739,5.243841014,5.277621278,5.251370871,5.223481063,5.231624165,5.325466691,5.31104311,5.206839326,5.182743197,5.058137375,5.09948122,5.015573334,4.924156378,4.775003253,4.642061272,4.683922823,4.735173465,4.403516578,4.233305855,4.206303722,3.871243964,3.742386169,,,,
Kazakhstan,KAZ,13.83029145,15.85650718,17.61467536,16.14643491,16.36695593,16.02118709,13.83887546,11.84990564,12.03130737,10.69775496,9.677187901,8.253696103,8.648255674,8.582789777,9.227529063,8.426241752,9.19008024,9.078977499,9.291016324,8.341510652,8.465492713,8.835467076,8.068092383,8.418111193,7.871573916,7.922852451,,,,
Kenya,KEN,8.050731568,8.08558214,8.365221535,8.543692938,8.416198844,8.44621975,8.406214026,8.466146198,8.502763008,8.493526824,8.740964497,8.537262418,8.603815797,8.541867478,8.544197069,8.357140814,8.183793854,7.826120143,8.083107043,8.285733555,7.982760736,7.67933551,7.434618378,7.439852612,7.825663741,7.845690551,,,,
Kyrgyz Republic,KGZ,20.54215813,20.21155716,17.21898259,15.83135593,14.30232352,12.90317726,13.93482534,11.9239916,12.43081252,10.47925359,9.553816653,8.432069829,9.476173345,9.425725919,8.680742782,8.806551555,8.406556578,9.030435924,8.910043045,7.90741368,7.583830734,8.605325934,10.75537558,9.261923153,9.211918332,8.642848441,,,,
Cambodia,KHM,14.28105853,13.28240565,12.40234222,11.92212019,11.00428653,10.10766529,10.02888234,9.649041661,10.46046125,9.358866022,8.544206914,7.949694511,8.677177962,8.237939398,6.149482838,5.504735264,4.959984332,4.564319609,4.291077532,6.243843086,6.145958082,6.005069752,5.833089741,5.603872057,5.585297471,5.769537723,,,,
Kiribati,KIR,3.118712388,3.262178822,3.163606674,3.060655887,2.922231096,2.953235079,4.66636963,3.359288868,3.671047459,3.36991917,3.363413814,2.484253821,3.705740663,3.719547626,3.887331249,5.451643002,6.538387346,4.705031687,4.697967262,3.358655597,5.381122905,5.109491718,5.014029112,4.928507776,4.828188332,4.137459979,,,,
St. Kitts and Nevis,KNA,3.688154378,3.534800636,3.448134632,3.502374282,3.703198803,3.395271469,3.141926705,3.377474774,3.390959002,3.310242634,3.364910161,3.296450388,3.504516449,3.68328581,3.712994375,3.183909726,2.643232316,2.723043113,2.608121676,2.831239698,2.958464873,3.003173683,2.986229609,2.830147672,2.68322602,2.560599732,,,,
"Korea, Rep.",KOR,7.507566694,7.355185665,7.72055096,8.145067708,7.951564454,8.000872197,8.110439443,8.348320942,8.084216968,8.07359349,8.073693286,7.843239472,7.592646332,7.526643226,7.372330976,7.160809661,6.920009393,6.822622321,6.780364142,6.796687102,6.95979785,6.993868536,6.915246122,6.729598558,6.625532809,6.548053372,,,,
Kuwait,KWT,4.802063894,2.40527076,4.312998676,4.48715588,4.854427502,4.746026291,4.639412025,4.573347795,5.040514427,5.508177458,5.465166703,5.790526082,5.781389196,5.253599971,5.061088418,5.17099675,4.696134105,4.534530935,4.837359424,5.694607968,5.956573241,5.484889043,5.908289304,5.486516843,4.96721337,5.316793252,,,,
Latin America & Caribbean (excluding high income),LAC,4.433801127,4.393234761,4.37977262,4.247293722,4.277247432,4.266690328,4.291157196,4.232968328,4.272361958,4.307627765,4.195255863,4.228822394,4.295836534,4.323975487,4.243778148,4.211428065,4.169297252,4.004515287,3.986254841,4.033726342,4.007363365,3.903432507,3.953723134,3.916149168,3.93334706,3.820347546,,,,
Lao PDR,LAO,8.051486548,7.839225734,7.48710881,7.118771756,6.634044434,6.309385865,6.062059045,5.853299878,5.766392317,5.592960168,5.421955207,5.100569711,4.988711623,4.711783396,4.644614757,4.379273514,4.090188236,3.523144725,3.31856197,3.147698386,3.000562984,2.711897001,2.511210608,2.504923029,2.302410416,5.17189025,,,,
Lebanon,LBN,3.913003726,3.504408226,3.39822243,4.549457551,4.615263023,4.966480756,4.981336879,5.756914144,5.460672443,5.739284234,5.147989219,5.308943462,5.102869786,4.948095935,4.65174291,4.319683706,4.042405154,3.256309249,3.836416569,4.258015956,3.782655791,3.689716181,4.079406396,3.986811073,4.150984189,4.17764316,,,,
Liberia,LBR,20.69413515,21.98187428,31.86061559,45.05583044,55.0651874,57.98816457,55.18148018,29.78767315,25.57544425,23.3790359,20.15581269,20.72599782,20.76667999,31.17629532,31.85299442,32.05714399,30.74067158,28.49988896,27.05837989,26.37286881,27.12554321,26.28782002,25.54638655,23.78882677,24.01874978,25.99234268,,,,
Libya,LBY,4.653167803,4.081581323,4.174272351,4.501955362,4.986804726,5.399564469,5.61580887,5.425752411,5.693831565,5.576717315,5.644260991,5.919640315,6.215940854,5.658894612,5.569019583,4.932272796,4.682348983,4.093714243,4.247514253,4.642232542,4.760499753,8.266362205,5.094316764,6.63325546,4.444336609,4.208260941,,,,
St. Lucia,LCA,2.237179723,2.264995285,2.503750171,2.697693198,3.061841857,3.48674279,3.482771331,3.265220323,3.057915581,3.153587308,3.118216993,3.495103116,3.127423135,3.2824737,3.044724798,3.144197443,2.93170797,3.017774732,3.017712622,2.949086038,3.140660876,3.166913052,3.185250487,3.172444545,3.186996993,3.186267394,,,,
Latin America & Caribbean,LCN,4.387781806,4.342894392,4.333619231,4.197365226,4.222246351,4.20516526,4.241297051,4.185650812,4.228365408,4.278176946,4.169963147,4.197006161,4.264360221,4.29254339,4.216268781,4.195962928,4.166171624,4.01336654,3.988671633,4.033980636,4.014881856,3.920642643,3.973193331,3.938950873,3.928032284,3.824485909,,,,
Least developed countries: UN classification,LDC,9.208176437,9.191627154,9.269967716,9.440979022,9.536953729,9.461304386,9.171925728,8.931489155,8.810158772,8.720853677,8.522583791,8.409787575,8.171230376,8.004133368,7.717254334,7.365024948,7.102558051,6.726108569,6.475586402,6.425911317,6.267872517,6.220009216,6.053751768,5.950555268,5.820267523,5.859095893,,,,
Low income,LIC,11.75716576,11.9661932,12.33358132,12.4323876,12.52090345,12.62514375,12.37775802,12.10641658,12.03662269,11.98377985,11.90168077,11.78196675,11.15214369,11.03423017,10.79322224,10.55325969,10.35326993,10.0246796,9.75736983,9.579267424,9.277893721,9.274302809,8.976161207,8.91097363,8.640278948,8.699186917,,,,
Liechtenstein,LIE,,,,,,,,,,,,,,,,,,,,,,,,,,,,,,
Sri Lanka,LKA,3.689275152,3.580358502,3.519019737,3.470517312,3.155948985,3.088158999,3.32932117,3.242607667,3.148433339,3.223429728,3.349223496,3.288623175,3.221466901,3.220448099,3.094984111,2.980244868,2.793170686,2.666630398,2.477236029,2.374575955,2.367308302,2.344412783,2.311631786,1.992981783,2.032837842,2.06413179,,,,
Lower middle income,LMC,8.410936926,8.494915442,8.185639881,8.025225329,7.670275499,7.602579964,7.281641788,7.188865918,7.21845801,7.147529468,7.002060093,6.847996662,6.821366335,6.58385654,6.329230378,6.094190506,5.835741976,5.624799329,5.519442753,5.451077185,5.332800275,5.178752639,5.105371422,4.886451193,4.811505246,4.640958298,,,,
Low & middle income,LMY,9.195729685,9.121716014,8.917264579,8.737545066,8.462126237,8.414973406,8.149328619,7.866668712,7.730733238,7.612580621,7.377485002,7.287580838,7.221243601,7.253033948,7.177260973,7.049803894,6.873596433,6.629841149,6.476777111,6.452231566,6.416795972,6.333983642,6.236823331,6.064359554,5.789429323,5.596920961,,,,
Lesotho,LSO,17.42734434,17.22468495,16.53220689,16.40363763,15.93740175,15.9295929,15.42188084,15.15650423,15.14011872,16.4663944,15.80788419,15.30089847,15.35370493,13.52096814,13.49473036,13.42740949,13.09625902,12.78250387,12.36697909,12.41286458,11.67131848,12.07073859,11.75175932,11.34436226,11.01950053,9.7240285,,,,
Late-demographic dividend,LTE,10.84153605,10.68316533,10.52155186,10.24352419,9.733549263,9.581464461,9.361240055,8.854733457,8.643883624,8.406124064,8.028382573,7.876046264,7.740974157,7.863945812,7.909551822,7.826970004,7.664379677,7.36389335,7.122000312,7.072620505,7.146389604,7.078513112,6.933124576,6.758027385,6.336954498,6.111936438,,,,
Lithuania,LTU,11.27386483,11.96252513,8.199622491,8.602719279,9.159367574,10.89259451,11.17515855,9.773734221,9.547124276,8.22802346,7.095640796,7.731828426,7.755518653,7.324032051,6.972515232,6.101136095,5.597202757,5.466948489,5.360110124,5.793944295,4.5847933,4.480834517,4.357575061,3.976445246,3.807436433,3.859307269,,,,
Luxembourg,LUX,6.583254022,6.472889608,6.379309313,6.208132877,5.771421018,5.039349907,5.035935946,4.625534939,4.194386258,4.032262078,3.981235844,4.101220762,4.110762186,4.276109155,4.561219639,4.506994061,4.237457238,3.79838194,3.827913114,3.804985032,3.841121383,3.703670049,3.667378681,3.405800999,3.066832919,2.872757905,,,,
Latvia,LVA,8.057317967,8.472990719,10.73247944,10.89597625,9.79466814,9.506821836,9.136465366,8.215443313,7.533677349,6.745510906,6.165313379,6.214047893,5.747802916,5.627461176,5.331232459,4.913404835,4.546775384,4.229568421,4.195252999,4.702272057,5.002475754,4.4484005,4.436847648,4.232520549,4.093339923,3.914124071,,,,
"Macao SAR, China",MAC,1.172977611,1.201118861,1.057893649,1.097545055,1.133620779,1.07750473,1.238205022,1.317910765,1.432046312,1.438935198,1.462382133,1.353335258,1.134578377,1.023395902,0.896604228,0.906361767,0.785525683,0.724593148,0.70486977,0.928279753,0.627767843,0.52717772,0.485015532,0.42617506,0.460209318,0.657095507,,,,
St. Martin (French part),MAF,,,,,,,,,,,,,,,,,,,,,,,,,,,,,,
Morocco,MAR,3.248922432,3.184419235,3.445344144,3.602135293,3.488313933,3.653632257,3.417069755,3.578140591,3.400604055,3.57684688,3.528000122,3.484860494,3.434905614,3.227412382,3.653671697,3.744183227,3.539464883,3.525997168,3.456451688,3.339646431,3.374575639,3.454894106,3.401319094,3.261647711,3.238855529,3.154526918,,,,
Monaco,MCO,,,,,,,,,,,,,,,,,,,,,,,,,,,,,,
Moldova,MDA,17.401597,17.27831106,20.22047313,18.22629821,22.02025221,20.70195673,18.76822708,17.63327971,17.40964762,15.71447557,14.24177812,14.2104482,13.3703274,13.61405635,12.73782682,12.2731303,11.55442284,10.90799714,10.08462699,10.18896347,10.50291246,9.714365097,9.679293038,7.952416183,8.160677826,8.392266857,,,,
Madagascar,MDG,4.435946561,4.951704084,5.064517611,5.189754135,5.535893601,5.682514067,5.793656508,5.381538967,5.363885857,5.348062004,5.191577741,4.892244357,5.367172175,5.246827533,5.162159869,4.999524956,5.422232212,5.148810421,4.882795071,5.060137377,5.132306232,5.168182023,5.147064869,5.287495287,5.184313328,5.366858454,,,,
Maldives,MDV,2.617816554,2.204856713,3.061268017,2.464655911,2.344965693,2.721960253,2.908043113,2.975977088,2.479987311,3.201869763,3.291729283,3.265479265,3.927382365,2.957863066,3.421419372,3.401718765,3.545307864,3.287738374,3.134119421,3.489363062,3.471744021,3.376600197,3.706264321,3.499693491,3.993509568,3.842835874,,,,
Middle East & North Africa,MEA,4.320834142,4.586788363,4.761212111,4.999335115,5.232464074,5.2388553,5.071277543,5.137142645,4.968696282,5.028809943,4.886925892,5.142276275,5.221016653,5.1196845,5.053228663,5.107444886,5.099741692,5.028657502,5.151069141,5.230299091,5.200940969,5.087625443,5.300752279,5.235347099,5.328784313,5.268234226,,,,
Mexico,MEX,4.82065733,4.856073686,4.725116125,4.61704763,4.507851214,4.630414347,4.469893428,4.397447123,4.317102306,4.326332251,4.111728673,4.282897769,4.29831398,4.489972699,4.351927906,4.514288612,4.399624281,4.235196027,4.134225589,4.343612431,4.014699645,4.05413062,4.069257837,4.023403469,3.853119994,3.738523429,,,,
Marshall Islands,MHL,,,5.1513157,5.233238522,5.236910737,5.091203947,5.760233301,6.109835869,6.482753476,6.524464578,6.794548823,6.690617547,7.122899915,6.890925734,7.249496861,6.993927393,7.257500845,7.462493555,7.622867372,8.023942624,7.913012814,7.90094498,7.552229453,7.512536609,7.451780882,11.34686242,,,,
Middle income,MIC,9.147138305,9.068059006,8.85456041,8.671380742,8.39059661,8.340745971,8.074781076,7.79261581,7.654598131,7.535815731,7.299173817,7.208776358,7.14966661,7.185012579,7.113203467,6.988039157,6.813626504,6.572451519,6.421060576,6.397801958,6.367123893,6.284087356,6.189382285,6.014618407,5.739153052,5.542629489,,,,
North Macedonia,MKD,5.39667844,5.636166605,6.711783165,7.446945776,6.761723614,6.910387393,8.07184379,7.236063505,7.526692276,6.766781511,6.371186021,6.348440127,6.135227196,6.624865669,6.230906084,6.067455562,6.042382421,5.854741073,5.542358215,5.184303354,5.130131501,5.433896737,5.178964422,4.588799704,4.409418143,4.226567457,,,,
Mali,MLI,5.693147744,5.288640079,5.52916986,5.530800388,5.451529797,5.474051092,5.227412659,5.085284137,5.10036169,4.912405399,5.003528853,4.442638073,4.152381857,3.695818039,4.023830262,3.690895251,3.349610787,3.178734063,2.954373808,2.543588958,2.372552501,2.26255638,2.036352241,1.91032018,1.963952595,2.826419424,,,,
Malta,MLT,4.948687608,4.503692698,4.253658686,5.208848464,4.470695114,3.868557469,3.667585129,3.913744546,3.281236339,3.416742465,2.869931062,3.394395333,3.077928919,3.461034499,3.493672569,3.579703983,3.312450816,3.344030041,3.069729048,2.938639471,3.019065986,2.961812535,3.09999381,2.635489881,2.345127015,1.808454095,,,,
Myanmar,MMR,14.89409131,14.74183092,13.8602216,12.96598712,12.82394542,12.40212831,11.67368781,11.28139669,10.9453429,9.899931802,8.977116759,7.878850999,7.270639577,6.926902181,6.430811778,5.681673635,5.095789891,4.72105407,4.127916551,3.537592784,3.145272902,3.04307506,3.098959252,3.032456809,3.129920458,3.124188904,,,,
Middle East & North Africa (excluding high income),MNA,4.315664071,4.570584311,4.738289489,5.052256362,5.323034544,5.359217313,5.0053448,5.294905045,4.885966022,4.946729299,4.7347579,4.9532465,4.901045345,4.899659405,4.890045299,5.070660392,4.967762204,4.877180999,4.966151771,4.96898826,4.764029448,4.828608289,4.975206552,5.055812828,5.120536109,5.014548413,,,,
Montenegro,MNE,,,,,,,,,,,,,,,,6.529628155,6.599892285,6.017488108,6.04725102,5.113851064,5.765323571,5.347141625,5.187157007,4.62942695,4.354356946,4.446375577,,,,
Mongolia,MNG,12.75427278,15.63756174,15.08395051,14.56955281,12.33581102,11.56883232,9.531403693,8.985651609,8.76464609,8.515125194,8.990974793,8.799274984,8.99618484,8.211415501,7.643431527,8.209126524,8.603595449,8.175086161,7.535475914,7.929096405,7.893597025,7.363413396,7.253585304,7.159225349,6.662648223,6.095249071,,,,
Northern Mariana Islands,MNP,,,,,,,,,,,,,,,,,,,,,,,,,,,,,,
Mozambique,MOZ,49.44345355,46.91400777,50.1347431,46.99645781,44.73609265,44.70876706,35.90422019,33.35585536,30.1155997,28.48138754,29.59538336,27.62439887,25.7230469,25.47133167,24.54058303,22.87961973,21.44989308,20.82487292,19.86292541,19.36636543,18.75935541,18.21704981,17.31163404,16.73498856,16.58230074,17.31057452,,,,
Mauritania,MRT,4.005027943,4.020678499,4.076621744,3.924013429,4.159758409,3.923498445,3.83023138,4.054047132,3.975000797,3.768642258,3.852009429,3.919554634,4.113287135,4.014518059,4.001943372,3.801568997,3.212152822,3.407829789,3.571403186,3.885639151,3.731219738,3.763475869,3.817941002,3.616923664,3.503129258,3.586048384,,,,
Mauritius,MUS,3.482108811,3.397395771,3.350935569,3.330193224,3.141647711,3.220450528,3.104497828,3.01822949,3.028394488,3.088403986,3.140512072,3.214855205,3.121747565,3.158093642,3.040771819,3.106483757,3.195436178,3.034689818,2.942751105,2.786095892,2.827583558,2.726222714,2.684336425,2.672904649,2.548934892,2.550863415,,,,
Malawi,MWI,9.136075912,8.480320096,9.277365749,8.122358714,9.531646113,8.016881365,7.381076166,7.116480306,6.914073848,8.650473184,8.590505763,9.233041706,9.512264622,8.813858052,8.488498223,8.183300986,7.822725048,7.301704054,7.065862275,6.482832664,6.271789788,6.044927063,5.955914623,5.732896649,5.461409106,4.084778354,,,,
Malaysia,MYS,4.802778323,5.409230636,5.477311712,5.389583985,4.909635275,4.836563032,4.865247053,5.276054819,5.413742487,5.166954199,5.412817995,5.604102337,5.496391838,5.566573751,5.606139575,5.773252588,5.497885714,5.66366856,5.647571009,5.448617469,5.177757105,5.127517271,4.946775677,5.327624792,5.134960719,4.682205136,,,,
North America,NAC,8.794940894,8.879663639,8.768775671,8.698145229,8.527746318,8.408642684,8.293706868,8.018987135,7.73536522,7.587052351,7.488676007,7.275512778,7.215735592,7.076404837,6.964541888,6.77229038,6.532407688,6.521594942,6.389114807,6.256229844,6.232456144,6.082089801,5.863594325,5.842329536,5.792205253,5.568416468,,,,
Namibia,NAM,,3.322896936,3.299263361,3.608738701,3.822814863,4.029247085,4.194671969,4.114316726,4.156162437,4.006933267,3.681390969,4.314018072,3.8112167,3.810435338,3.558592461,3.761931019,3.519654335,3.397285048,3.524764722,3.577712102,3.503205886,3.441585689,3.394559963,3.390197626,3.311005557,3.260718505,,,,
New Caledonia,NCL,,,,,,,,,,,,,,,,,,,,,,,,,,,,,,
Niger,NER,6.579218087,6.575998672,7.329814397,7.571606755,7.461886244,7.524370605,7.595113604,7.606806218,7.078961428,7.269566895,7.193358111,6.914981732,6.970359745,6.912883212,7.221663026,6.984905724,6.770539959,6.867589654,6.561536839,7.006200142,6.978533877,5.924097203,6.230624379,7.456991849,7.074701702,6.949819287,,,,
Nigeria,NGA,9.597221143,10.11978901,10.4744089,10.42479437,10.07747068,10.38709813,10.31341533,10.37209443,10.16709691,10.48133982,10.33774361,10.3953665,10.33712577,9.89961629,7.611846752,7.648128982,7.126335774,6.906087994,6.691512112,6.158266266,6.145782085,6.197448376,6.259697982,5.959203637,5.628943913,5.679560705,,,,
Nicaragua,NIC,6.754105532,7.180938321,7.372555706,7.283202735,7.12296481,6.91831627,6.625226235,6.669552232,6.466596397,6.128117255,6.032045145,5.909696363,6.079153796,6.068727445,6.025801781,5.872108459,5.58537852,5.393022806,5.302046819,5.484518759,5.360268437,5.220408591,5.313345294,5.442103222,5.245786443,5.429633179,,,,
Netherlands,NLD,5.693791074,5.868870388,5.686415581,5.665172992,5.537010165,5.717553509,5.818330985,5.406838759,5.211959567,4.878719039,4.72271011,4.758227764,4.817145816,4.971925059,4.953732889,4.768179223,4.554004701,4.386657031,4.276487633,4.350821203,4.589628585,4.184879854,4.254015822,4.245298958,3.964626966,3.936630335,,,,
Norway,NOR,4.803080186,4.811885226,4.722637995,4.88796137,4.555568429,4.459649961,4.117832346,4.138884945,4.212438091,4.324803014,4.155558128,4.181184834,3.828962464,4.116148491,3.872845281,3.821573586,3.782501584,3.731163171,4.335181654,4.285106169,4.612485002,3.770386679,3.886798886,4.231432427,3.579962265,3.753460068,,,,
Nepal,NPL,10.79127995,10.47381357,10.30579497,10.18577078,9.746334437,9.716169789,9.446465111,9.283220331,9.245502041,9.341999226,9.286283399,9.152637198,9.243012618,9.143759557,8.860626247,8.852740494,8.563978075,8.442045255,8.234679016,8.110632629,7.965681556,7.972062153,7.272665998,7.765712652,7.603696352,7.423828804,,,,
Nauru,NRU,,,,,,,,,,,,,,,,,,,,,,,,,,4.365009694,,,,
New Zealand,NZL,6.658071919,6.899460169,6.976538448,6.908593775,6.80738246,6.602061348,6.595825523,6.755793975,6.622228554,6.529227422,6.572280068,6.358901583,6.071313192,5.727209561,5.655760862,5.34330434,5.193703491,5.105401788,5.253548488,5.322621074,5.507306318,5.342508053,5.455091058,5.414810989,5.519838785,5.423574888,,,,
OECD members,OED,6.563557415,6.565087224,6.509958979,6.512632417,6.426820421,6.407809904,6.396418866,6.228627198,6.079209133,5.990147851,5.883339806,5.791335944,5.73368828,5.691411284,5.610879843,5.491172645,5.329872329,5.214586983,5.134593573,5.090167245,5.106360975,4.914733431,4.819358648,4.781088404,4.605383088,4.486285864,,,,
Oman,OMN,2.782276564,3.630432264,3.129418927,3.208349413,3.143905933,3.024645107,3.01735112,3.060581619,3.00300964,3.116299432,3.178546759,3.085899913,3.280900338,3.59145517,3.630645605,3.983995168,5.889782058,6.467200897,5.28671552,5.034144968,5.684675392,6.759226652,6.788109055,6.742517869,6.383538199,6.30342699,,,,
Other small states,OSS,6.301777464,5.871350222,5.999583565,6.027526519,5.964798809,6.560218293,6.539450236,6.503479917,6.37726345,6.301896111,6.388084304,6.401177903,6.416895878,6.518555763,6.254489482,6.157997523,6.194710823,6.120951306,5.942688261,5.809187579,5.774477519,5.611668712,5.829932681,5.963172325,6.109710192,5.942420927,,,,
Pakistan,PAK,5.46012941,5.329130968,5.270224154,5.442344789,5.461819078,5.434871724,5.455327655,5.544132721,5.523275111,5.625939313,5.540251451,5.521178773,5.408805309,5.39291391,5.384772911,5.185951566,5.088104961,5.113627278,4.943676274,4.879831569,4.872116267,4.777466011,4.668987546,4.582161552,4.536274806,4.422162716,,,,
Panama,PAN,3.283896806,3.253459674,3.427618885,3.297168136,3.375855104,3.366335288,3.499910375,3.417223223,3.691872196,3.501825508,3.453413381,3.892759656,3.459919342,3.324057973,3.04942992,3.172606793,3.123461778,2.651243362,2.447221283,2.658376928,2.689571496,2.610214691,2.467252484,2.2733083,2.273620638,2.173534444,,,,
Peru,PER,3.545274997,3.402228062,3.326771702,3.374516582,3.112574699,3.095732169,3.101616195,2.819679601,2.977580653,3.125452837,3.034658658,2.910748235,2.778525985,2.614532223,2.755772784,2.747871861,2.481283283,2.474028161,2.377460739,2.466501686,2.693450247,2.575378852,2.61583612,2.461884199,2.782416771,2.790988421,,,,
Philippines,PHL,4.838516619,4.85965389,5.063625818,4.954976699,5.086594911,5.090578117,4.973808569,4.976475591,5.149299189,5.127710561,5.082190456,4.729416972,4.625427235,4.417670178,4.127130576,3.94546368,3.721485085,3.497537436,3.484792366,3.280424981,3.224238439,3.13116203,3.121773525,3.019861074,3.034443781,3.12231564,,,,
Palau,PLW,,,14.18468455,16.21720374,15.15451163,13.52500686,12.49795691,12.25038251,12.04323146,12.88457593,13.42125844,12.86447186,12.05716102,12.96241364,12.20128033,12.45609504,12.88166887,12.73981878,13.12819827,14.0538947,13.87617425,13.27263555,12.70491173,13.26227754,12.9859978,10.23860715,,,,
Papua New Guinea,PNG,13.18881297,11.92259107,10.44229664,8.757987917,8.674463557,8.835008392,8.451785794,9.199820718,10.04797632,9.41968678,9.897982668,10.62949236,11.04995634,11.39923388,11.74550297,11.36402051,11.27651686,13.17353385,10.98175073,10.65684195,9.495244539,9.06495556,8.15835338,8.523495984,7.942183629,9.283181838,,,,
Poland,POL,11.17156929,11.76935313,11.20257006,11.06015027,10.01110884,9.678595264,9.479965128,8.736214772,7.747359027,7.221162709,6.635917663,6.600474153,6.441624547,6.379152563,6.084547668,5.950203906,5.884537714,5.465546823,5.337846448,5.005002724,5.151667136,4.93306577,4.698252972,4.6351435,4.254309584,4.135685203,,,,
Pre-demographic dividend,PRE,8.073112091,9.27758486,9.667934998,9.886641766,9.991175495,9.922987714,9.621400179,9.444476976,8.383141351,8.023708765,8.114532393,8.175100785,8.229792681,8.489978906,7.202919761,7.028716616,6.624284991,6.388967102,6.205646838,6.129631628,6.135486305,6.181307669,6.095003635,5.942885936,5.805173735,5.80364492,,,,
Puerto Rico,PRI,0.011275365,0.011579202,0.011511207,0.005135702,0.001634483,0.003414094,0.004678502,0.002991426,0.003013318,0.0047237,0.101057041,0.166451833,0.163811695,0.191315853,0.170965525,0.169998913,0.178640384,0.192605111,0.214153321,0.20643076,0.214270628,0.213593375,0.39416522,0.457345506,0.490594393,0.407346612,,,,
"Korea, Dem. Peoples Rep.",PRK,,,,,,,,,,,,,,,,,,,,,,,,,,,,,,
Portugal,PRT,3.470078787,3.361301633,3.538168345,3.561695968,3.618829445,3.837238768,3.671332081,3.703239522,3.818735996,3.944905284,3.827118794,3.782520915,3.91043076,3.839451792,3.878131314,3.943466025,3.691442954,3.627036528,3.526733381,3.586701625,3.397078909,3.364036468,3.289445383,3.339425067,3.274580852,3.344354013,,,,
Paraguay,PRY,5.057747413,5.045183165,4.940662443,4.888743161,5.073467402,5.200261764,5.239108547,5.464799073,5.390556913,5.21494202,4.997293716,5.128835822,5.085908659,4.975224702,4.826751188,4.674085907,4.595576815,4.517993609,4.45191088,4.696388975,4.446808186,4.322021541,4.485031816,3.888625459,3.884101393,3.952608021,,,,
West Bank and Gaza,PSE,4.68898226,5.006622311,4.163586762,3.860843178,3.430424733,3.191502369,3.129178644,2.308957083,2.788105526,2.236624619,3.057624613,2.802563242,2.864705028,2.822862067,3.664472315,3.864562054,3.589805055,3.783261767,3.966954,3.352303805,3.375634007,3.430629109,2.959543954,3.245115158,3.700452733,,,,,
Pacific island small states,PSS,4.795167558,5.103317608,4.935500375,4.819544864,4.90077121,4.565673254,4.595185081,4.341674713,3.982174367,4.192196045,4.534513608,4.824674275,4.463766959,4.635646589,4.887705123,4.383302287,4.543445854,4.404299408,4.040797728,3.84127448,4.14685266,4.014443054,3.861222031,4.010141171,3.950953595,5.019203549,,,,
Post-demographic dividend,PST,6.94364557,6.944148964,6.838636849,6.826132269,6.712060573,6.674173209,6.653938081,6.479007138,6.331885101,6.229104717,6.120811608,6.010632371,5.947172194,5.904630123,5.827390876,5.683863426,5.501755441,5.379659976,5.294468684,5.224638465,5.264271459,5.059898319,4.950576563,4.907514371,4.756242061,4.628293311,,,,
French Polynesia,PYF,,,,,,,,,,,,,,,,,,,,,,,,,,,,,,
Qatar,QAT,8.027151038,9.032533487,8.483509967,8.920843882,8.82897588,8.933646728,9.082155554,8.219875239,7.752096729,7.883523836,7.041309339,7.489185821,7.903883065,7.889175815,7.802981605,7.259404548,6.763879767,6.477608631,5.656750005,5.383261471,5.134314101,5.126774281,5.950003528,6.026019093,6.475978234,6.402925539,,,,
Romania,ROU,10.04712767,9.513684108,9.506021831,9.125849062,8.28198244,8.371858987,8.25522055,8.157015144,7.617936399,6.75852345,6.593644658,6.346869065,6.250037931,6.138751837,5.544443478,5.309763886,5.085161695,4.737413918,4.351854865,4.122855639,4.173795061,4.221597868,4.09292985,3.609106831,3.483,3.52,,,,
Russian Federation,RUS,12.02680225,12.54987036,13.4115404,13.86382261,13.86789521,14.01992247,14.39345725,13.56170884,13.98721859,13.61630559,12.58730947,12.10772743,11.50582783,11.10584789,10.39552561,9.837512177,9.36060693,8.649154521,8.411842442,8.575950454,8.731413434,8.781517477,8.695251466,8.456537082,8.345606024,8.413217751,,,,
Rwanda,RWA,5.727151955,5.758581475,5.445525264,5.942509896,10.39852429,13.7916915,13.05173752,14.29084898,13.29738826,12.8872115,8.370568375,7.710605458,6.788170543,6.676198719,6.237605348,7.690741492,7.238750248,6.982383651,6.510358138,6.342632928,6.142846261,5.936161461,5.691382477,5.632372999,5.337639351,4.884855418,,,,
South Asia,SAS,7.507873996,7.641547721,7.511967443,7.403271293,7.245930198,7.154027679,6.918535138,6.925241078,6.720400178,6.588652213,6.494397722,6.331177741,6.243436448,5.984904894,5.857251388,5.589397542,5.404440439,5.276886523,5.291267489,5.355625489,5.130789896,5.022320532,4.966511177,4.77786576,4.750241608,4.555715038,,,,
Saudi Arabia,SAU,4.199749732,4.480860288,4.879205583,5.063858361,5.293044263,5.312458813,5.500502853,5.112896588,5.298561716,5.434887751,5.419053656,5.532314767,6.119423104,5.751648456,5.602506547,5.343217062,5.608051282,5.46733384,5.625223189,5.880699195,6.248226565,5.456653613,5.823954147,5.441253121,5.809792569,5.798652183,,,,
Sudan,SDN,9.849468699,9.143727191,8.573597556,7.962679134,9.13771021,8.652987571,8.36858451,7.732291701,7.496408957,8.072619289,7.175591513,7.057883578,7.199373332,6.496100584,6.250974714,5.924198673,5.781517441,5.013360414,4.72534466,4.734527711,4.67527841,4.75433506,4.179895352,4.133582426,3.96863328,3.956806753,,,,
Senegal,SEN,5.042077574,4.879158489,5.122780444,5.039808029,5.006493512,5.031980395,5.051840513,5.194418815,5.179365268,5.133855536,5.29197211,5.469317754,5.517757262,5.025003269,5.079169671,4.906138102,4.800468318,4.907960328,4.9413184,5.786055169,5.66028068,5.889993989,5.596656789,4.987345539,5.056820743,4.976766802,,,,
Singapore,SGP,4.617609834,4.905921216,5.198410074,5.716320828,6.260213763,4.990221013,4.844515216,5.022517722,4.642909799,3.981064133,3.75795729,4.327708084,4.12580593,4.77701203,5.235130816,3.420339644,3.37547957,2.865465217,3.233667825,2.802426663,2.910626213,2.833207416,2.706392067,2.618099836,2.4848573,2.394855513,,,,
Solomon Islands,SLB,9.404836752,8.872137744,7.80862408,7.448062352,6.762182689,6.431229132,6.329627233,6.422084286,6.309530688,6.52010996,7.605177348,8.397523969,8.639428176,8.240573139,7.857591687,7.453521864,7.024490124,6.688854291,6.326339213,6.762542585,6.391114584,5.693211123,5.466942238,5.358363623,5.32672044,5.017832858,,,,
Sierra Leone,SLE,9.316257274,9.091924975,10.78536666,10.48987295,10.56809551,11.57533122,11.50425471,12.94032746,13.00451745,13.53163588,13.12391801,14.60746013,11.627653,10.77948119,10.11860971,9.512530569,9.39427261,8.584747353,8.190858191,7.875472027,7.624164664,7.502895182,6.721948657,5.819404251,5.725464982,6.996643751,,,,
El Salvador,SLV,4.342137749,4.609304991,4.473884308,4.386155532,4.380436058,4.377789396,4.113714665,4.367191121,4.330088254,4.343281842,4.448159347,4.575514687,4.558238815,4.651343419,4.529658524,4.499840063,4.54802606,4.143441435,4.108753688,3.972825202,3.954198053,3.90581408,3.774725107,3.498971442,3.516454456,3.649268953,,,,
San Marino,SMR,,,,,,,,,,,,,,,,,,,,,,,,,,,,,,
Somalia,SOM,23.56889372,24.41525195,29.20966027,29.5069319,38.1232525,39.0152809,38.88776276,41.52828223,41.622151,41.6744668,40.9949666,41.3391511,41.58258049,42.02764569,41.94011899,41.89977318,42.38316824,42.10351796,42.87839846,43.15567078,43.35269543,42.89679146,41.93560631,40.87307325,40.06923885,,,,,
Serbia,SRB,7.231833173,6.944413967,8.92650049,10.9678909,9.802114755,10.56534768,12.39657026,12.1911437,11.87269618,9.863354895,9.878057363,10.25665825,10.16757394,10.19365727,10.16757897,8.555727345,8.654739695,7.954323183,7.65701451,7.116223981,7.28756047,7.451384441,6.764597061,6.759756249,5.936982935,6.55752524,,,,
Sub-Saharan Africa (excluding high income),SSA,9.86529304,10.14584471,10.25338084,10.55155671,10.54657689,10.63987396,10.39798209,10.27910738,10.13597228,10.22836836,9.983330853,9.92934705,9.791745002,9.710103409,9.126636694,8.837349839,8.430035653,8.202421522,8.098330557,7.909311917,7.727241732,7.611960757,7.472311415,7.274764184,7.108904253,7.053517931,,,,
South Sudan,SSD,,,,,,,,,,,,,,,,,,,,,,,1.37431574,1.277479578,1.298348898,1.08609817,,,,
Sub-Saharan Africa,SSF,9.859546226,10.13996967,10.24687778,10.54434918,10.53971621,10.63319619,10.39175423,10.27322054,10.13043365,10.22337339,9.979101276,9.926022149,9.787922817,9.707019105,9.125674691,8.835769694,8.428560522,8.200098176,8.096598447,7.906948537,7.72439833,7.608458168,7.46934924,7.271686055,7.106238887,7.050619867,,,,
Small states,SST,6.901497143,6.524931289,6.807464188,6.711022147,6.625807237,6.938514753,7.076382768,6.893742907,6.954693704,7.049164341,6.997768691,7.099168063,7.073143512,7.205007843,6.976847327,6.977690449,7.03037578,6.958307239,6.654965809,6.558312612,6.576455622,6.368631292,6.491492424,6.616035523,6.64444315,6.52196861,,,,
Sao Tome and Principe,STP,5.712973049,5.896976913,5.742768162,5.752504099,5.650100823,5.608593409,5.593962844,5.606360317,5.673555873,5.592706234,5.77187912,5.569436762,5.7065574,5.757739633,5.910490395,5.727733691,5.377780461,5.239334801,5.070033,5.042714917,5.083857066,4.973824767,4.997054975,4.813190921,4.606869765,4.663174066,,,,
Suriname,SUR,5.106241709,5.598999835,5.661638912,6.052681323,5.883621356,5.895101136,5.878931443,5.638448045,5.546598202,5.651136845,5.712009941,5.850146526,3.919590788,3.944495949,3.955738419,4.334267467,3.967095403,3.570884071,3.621668119,3.530472285,3.994563097,3.696270101,4.001410974,3.453289389,3.44134072,3.394167702,,,,
Slovak Republic,SVK,11.82573697,12.41000574,12.56848341,12.1055021,11.18870285,10.77890162,10.26824957,9.691903403,9.03810914,9.107441698,9.044591341,9.173748095,8.842543191,8.346207721,7.807542242,7.528354487,6.870147029,5.934372735,5.765998043,5.572801855,5.650174788,5.346653255,5.056722544,5.072218552,4.524089445,4.478552766,,,,
Slovenia,SVN,6.395311501,6.831311625,6.710214955,6.83924818,6.754584857,6.997735305,7.045633538,6.967856303,6.616427543,6.267542494,6.00162942,6.122699725,5.979481153,5.88412028,5.817750927,5.720648914,5.436401021,5.089031448,5.211418468,5.197434509,5.278509458,5.239077827,5.179064312,5.099105199,4.745000232,4.582203127,,,,
Sweden,SWE,7.471663062,7.797630422,7.540572082,7.693693112,7.899381712,7.690234044,7.750892458,7.338657234,7.166289236,6.732388611,6.095638635,6.377362766,6.402614164,6.112656444,6.087581909,5.805964633,5.399464197,5.206357479,5.18758724,5.008551656,5.297651892,5.052453967,5.099592903,4.961405777,4.713804978,4.269061194,,,,
Eswatini,SWZ,3.650774815,3.446277043,3.204195847,2.810700853,3.699896184,3.376309283,3.21544332,5.868107061,5.966707855,5.971175774,5.65295536,5.437906712,5.461338262,5.266882612,5.044134111,4.979183879,5.461796541,5.390078091,5.362866371,5.148108953,4.799613646,4.698757337,4.868285401,4.885390941,4.995411386,4.611645818,,,,
Sint Maarten (Dutch part),SXM,,,,,,,,,,,,,,,,,,,,,,,,,,,,,,
Seychelles,SYC,2.227833517,2.463135038,2.309104441,2.319056643,2.566978604,2.547271744,2.828035922,3.655771002,4.242938918,4.894432168,5.368396677,6.050062015,5.101757001,5.51127828,7.688655388,6.534532185,6.343110985,5.026751775,5.545054363,4.263069482,3.34425546,2.369722555,2.870490545,2.524878058,2.978451629,2.641402995,,,,
Syrian Arab Republic,SYR,9.612556454,9.706159552,8.183653173,7.819884448,7.610283408,7.520124759,7.229514685,7.474297056,7.799538818,8.051342958,8.025361813,7.932310989,7.641819444,7.635093015,7.464317487,8.45143951,8.369588882,8.290465842,8.096375232,7.111935152,6.929305357,6.791599559,6.531657245,6.799311288,4.449796296,4.025233106,,,,
Turks and Caicos Islands,TCA,,,,,,,,,,,,,,,,,,,,,,,,,,,,,,
Chad,TCD,6.783096371,6.185905548,5.918490558,7.305927966,6.792707978,6.845701098,6.876449891,6.696877485,6.42565954,6.651703857,6.893429076,6.282949111,5.894251142,5.490574928,4.176567825,3.645844759,3.681716453,3.661664897,3.644778802,3.538281625,3.176705608,3.228463223,3.014008003,2.925606744,2.787178174,2.78131878,,,,
East Asia & Pacific (IDA & IBRD countries),TEA,13.0544571,12.00550348,11.28292508,10.83160269,10.2298405,10.03903281,9.551872342,9.046666013,8.976635255,8.688813142,8.420428209,8.194765841,8.098838849,8.338432651,8.619169931,8.587006547,8.386388472,8.047555589,7.666011991,7.584969844,7.58967231,7.429401162,7.188697569,6.958319579,6.398911781,6.072870409,,,,
Europe & Central Asia (IDA & IBRD countries),TEC,12.31285544,12.78029075,12.9770006,12.91633529,12.72447204,12.52849801,12.34309242,11.57947635,11.44738441,11.17623058,10.50483599,10.2292666,9.852281135,9.621081191,9.025479889,8.508398134,8.162628791,7.667122138,7.440288854,7.289849253,7.429391329,7.36200483,7.220849082,6.905138235,6.580548753,6.456877186,,,,
Togo,TGO,10.34434554,10.66953881,11.24773497,13.31019858,13.09110921,12.77638788,13.16254032,11.34194293,12.40888669,13.84360415,13.92323211,14.12002824,14.75778047,14.84913072,14.69422739,14.80194331,14.19571922,14.40676443,14.69323307,17.26495194,16.59950038,15.91775064,15.13636209,14.94961113,14.62049829,14.33932667,,,,
Thailand,THA,4.666584757,4.668058894,4.601507372,4.485389691,4.59263752,4.645335049,4.916372524,5.14979401,5.227625898,5.336977491,5.231108053,5.204043742,5.421415036,5.47901368,5.570389185,5.496961683,5.339981522,5.279345045,5.331175734,5.350945147,5.445867154,5.394456439,5.393804303,5.648072775,5.556494468,5.411958252,,,,
Tajikistan,TJK,11.53969618,11.86694542,13.6566302,12.79086998,12.4651561,12.72536277,14.74903293,14.45364815,14.4303277,13.83832518,12.26567088,10.98605412,9.945936828,9.131551201,8.953175961,8.374768261,8.070238782,8.001229914,7.056002431,5.907002154,5.660050366,5.285139714,5.287200489,5.456601129,5.064901788,5.010324752,,,,
Turkmenistan,TKM,23.93786625,21.7739615,17.49073517,17.41887959,26.7007907,29.60920062,24.2431467,27.39758943,26.75478316,27.19140009,25.8659556,25.25923617,26.28750384,28.38120497,28.22021169,25.99575418,23.99271781,24.61682156,21.71572452,17.97276469,18.77808987,17.81071504,16.5886461,15.44656156,14.29510486,13.86409096,,,,
Latin America & the Caribbean (IDA & IBRD countries),TLA,4.46886974,4.421680224,4.413748239,4.27506149,4.301499572,4.28689163,4.322993235,4.266930483,4.311931858,4.367489868,4.25494364,4.286294689,4.356236597,4.382861269,4.30667234,4.280508733,4.244896053,4.083809762,4.054268035,4.099885673,4.076579746,3.977436187,4.026539547,3.987551547,3.975981614,3.874336037,,,,
Timor-Leste,TLS,,,,,,,,,,,,,2.913065881,2.937593165,3.033619397,2.817059441,2.978554162,2.696044741,2.488719576,2.364125717,2.203459948,2.050604853,2.185880299,2.986467106,3.000131026,,,,,
Middle East & North Africa (IDA & IBRD countries),TMN,4.315664071,4.570584311,4.738289489,5.052256362,5.331172866,5.368935863,5.013382011,5.309085565,4.896634629,4.960328236,4.74210704,4.961597452,4.907737858,4.90724606,4.894624298,5.075438385,4.972729955,4.881142689,4.969855257,4.975335562,4.76962771,4.834978981,4.984737185,5.064412839,5.127120051,5.014548413,,,,
Tonga,TON,3.262850534,3.799192207,2.983749497,3.217173129,3.266637871,3.382578426,2.789229269,3.413364923,3.15465602,3.625462381,3.245524212,2.889221534,2.955099914,3.563310083,3.351212047,3.292429766,3.811640028,3.565032255,3.695193258,3.953113751,3.240054224,2.92398593,2.936032814,3.142898987,3.071825441,3.028574128,,,,
South Asia (IDA & IBRD),TSA,7.507873996,7.641547721,7.511967443,7.403271293,7.245930198,7.154027679,6.918535138,6.925241078,6.720400178,6.588652213,6.494397722,6.331177741,6.243436448,5.984904894,5.857251388,5.589397542,5.404440439,5.276886523,5.291267489,5.355625489,5.130789896,5.022320532,4.966511177,4.77786576,4.750241608,4.555715038,,,,
Sub-Saharan Africa (IDA & IBRD countries),TSS,9.859546226,10.13996967,10.24687778,10.54434918,10.53971621,10.63319619,10.39175423,10.27322054,10.13043365,10.22337339,9.979101276,9.926022149,9.787922817,9.707019105,9.125674691,8.835769694,8.428560522,8.200098176,8.096598447,7.906948537,7.72439833,7.608458168,7.46934924,7.271686055,7.106238887,7.050619867,,,,
Trinidad and Tobago,TTO,16.91580603,16.37300331,18.30080326,17.7727327,17.26065313,16.21453714,17.91424473,15.68154393,16.84143808,18.20351822,17.9164779,19.20755055,19.36369387,18.92297488,18.40117094,19.89218648,19.60547194,19.90618103,18.69336603,19.76426913,21.14781169,20.80576672,20.00995059,20.02806129,19.14162488,19.08907174,,,,
Tunisia,TUN,4.459171439,4.250084784,4.383995434,4.175680057,4.374001475,4.32814671,4.222341265,4.130249008,4.296174948,4.187220267,4.144078052,4.213956244,4.214240722,4.135178676,4.103449927,3.895712242,3.896280018,3.77106099,3.773093025,3.557133105,3.858235849,3.772448519,3.797497811,3.773198668,3.701350884,3.775394242,,,,
Turkey,TUR,3.831013658,3.750091066,3.683726706,3.630021634,3.762434425,3.820101778,3.866858926,3.781764267,3.766804995,3.827594126,3.864808933,3.789750322,3.772265777,3.760043002,3.563843506,3.429587227,3.54905088,3.640029131,3.569576732,3.715613497,3.712574842,3.63227762,3.704419724,3.516697511,2.947927628,2.946746679,,,,
Tuvalu,TUV,3.450986422,3.350227712,3.335475749,3.22238036,3.125082875,3.324823162,3.683212932,3.43254008,3.164720197,3.260630443,3.339709419,3.36169402,3.551711985,3.618948893,4.030406203,4.235564912,3.296520769,5.299913025,3.181727893,4.305032709,3.879433531,2.733972094,3.691469777,3.644161721,3.697789024,3.910997784,,,,
Tanzania,TZA,11.1793606,11.17693869,11.25548146,11.42298745,11.44894774,11.58219884,11.21579529,10.93819763,11.23119577,11.38833135,11.45603768,11.41352911,11.19107236,10.88361189,10.70359103,10.36145509,10.25642697,9.790477984,9.587262538,9.353187889,9.243744447,9.05592876,9.140973101,8.830209671,8.535183879,8.344200905,,,,
Uganda,UGA,20.87687043,20.23257945,20.04850721,18.87119496,18.06633265,16.53209055,15.44022064,14.94014859,14.42917883,13.54842043,13.3743962,12.96986034,12.13321924,11.6135004,11.1099865,10.74983381,9.918727367,9.408772604,8.820028535,8.411174454,8.250219636,7.881195548,7.51215179,7.458218532,7.029147697,9.640117484,,,,
Ukraine,UKR,19.38306309,21.18941682,20.41516742,21.0930582,23.32073418,26.22892446,26.69928018,26.3369117,25.38784466,25.31970423,23.68469499,21.73824892,20.89570248,20.37352012,18.07500645,17.4810192,15.65970025,14.72621393,13.9085926,13.88692618,15.40908556,13.99796852,13.52353475,12.82020066,12.48534484,11.79319991,,,,
Upper middle income,UMC,9.457282553,9.311270777,9.147648592,8.952797018,8.708258332,8.671653751,8.435117619,8.063790588,7.84766126,7.709167365,7.429545572,7.368679093,7.294967436,7.452458941,7.458456366,7.379299094,7.236061693,6.973994176,6.797702584,6.806249382,6.810131743,6.751851306,6.647411743,6.49397064,6.138981261,5.944179995,,,,
Uruguay,URY,3.07965096,3.225457663,3.302580228,3.002222301,2.673148495,2.900901097,3.028839621,2.834956038,2.791760751,3.107519304,3.027372722,2.761136128,2.801051641,2.762137479,2.991304068,2.869143917,2.966368082,2.769253157,3.389951444,3.233901068,2.968541153,3.051631606,3.093431262,2.9340066,2.893944677,3.093003656,,,,
United States,USA,8.666576704,8.743495377,8.612746992,8.529353209,8.351521686,8.234134917,8.109277706,7.839133863,7.569026358,7.425802697,7.335371396,7.128216809,7.082367871,6.904967491,6.790206059,6.60173784,6.369407404,6.367571447,6.22245169,6.084563271,6.072479221,5.90983675,5.692995246,5.676035631,5.621145713,5.40839254,,,,
Uzbekistan,UZB,31.22339268,32.5368519,34.49682794,36.7312827,38.33533369,35.48970444,36.08572011,34.88855189,37.17746779,36.60291176,34.95866724,33.76022639,33.80545539,31.36684856,28.70755696,24.86695533,23.67541373,21.38973838,20.45035415,16.79897753,15.1342064,15.31272439,14.47049542,11.89074847,11.0696613,9.993375387,,,,
St. Vincent and the Grenadines,VCT,2.188982502,2.057716751,2.105094178,2.421419864,2.870916003,2.84767149,2.869329607,2.777874394,3.219778373,3.140269547,2.784733418,3.223242451,3.264366468,3.189605761,3.360904372,3.292931146,3.054432931,3.163946584,2.958930247,4.112077954,3.099371669,2.829422005,3.457708801,2.821856744,2.832899125,2.927983809,,,,
"Venezuela, RB",VEN,5.774942291,5.496983947,5.797341852,5.384313624,6.391141172,5.767846072,6.159973989,5.765221378,6.052601922,6.136737845,6.082127076,6.087459594,7.249080609,7.226808434,6.508616641,5.887951373,5.963233613,5.077350642,5.393728661,5.583818193,6.309634806,5.622954348,5.787998504,5.375262887,5.473513518,4.723961089,,,,
British Virgin Islands,VGB,,,,,,,,,,,,,,,,,,,,,,,,,,,,,,
Virgin Islands (U.S.),VIR,,,,,,,,,,,,,,,,,,,,,,,,,,,,,,
Vietnam,VNM,7.548069803,7.220137446,6.936449819,6.963918885,6.402937182,6.233387925,6.020534281,5.998655652,6.044260616,5.936789285,5.848907619,5.873804896,6.028621862,5.921064484,6.110961321,6.015164338,5.761763366,5.787206437,5.856437101,6.062415006,6.324391502,5.96740525,5.744260291,5.618759203,5.745538499,5.944876024,,,,
Vanuatu,VUT,3.127880039,3.033971488,2.845318806,2.824117027,2.589593419,2.661605669,3.178264273,3.120660217,2.817010107,4.212693184,3.976876647,4.216163792,4.151330391,4.10132389,3.288395518,3.122981174,2.699438263,3.755814378,3.510943283,3.894686011,3.872881022,3.992673663,3.690775035,3.498374681,4.298013877,3.865568055,,,,
World,WLD,7.581214532,7.54989061,7.433860228,7.382572298,7.223151513,7.185135297,7.092223775,6.882024492,6.74619383,6.650079596,6.496388729,6.417250438,6.373293723,6.364277587,6.303115891,6.18529597,6.039419985,5.884601366,5.794957148,5.778445072,5.795659607,5.661922152,5.585845875,5.486149531,5.283792563,5.131163068,,,,
Samoa,WSM,4.343978645,4.517851681,4.672895284,4.535102359,4.737421972,4.549437805,4.432445855,4.470923428,4.422487675,4.4659453,4.436438932,4.298734652,4.247103292,4.159922493,3.998078632,3.956995155,4.060621736,4.050102323,4.149476612,4.453687201,4.530639953,4.042536665,4.057464707,4.310660786,4.259010114,5.212621934,,,,
Kosovo,XKX,,,,,,,,,,,8.206863186,7.957430805,7.979409838,7.926726725,7.768329516,7.110759732,6.875895816,6.664648405,7.034548352,7.48019001,7.420870162,7.187143875,6.548576806,6.30273267,,,,,,
"Yemen, Rep.",YEM,2.593639497,2.96955663,2.997347489,2.494672121,2.440576312,2.614066764,2.550797313,2.575680818,2.596034612,2.823601865,2.823131447,3.016477459,2.811400744,3.01083233,3.160727174,3.188304185,3.308474124,3.133247016,3.176675993,3.380211121,3.165451002,3.16117742,2.790347224,3.693556511,3.21140525,2.050356491,,,,
South Africa,ZAF,10.43881778,11.01286848,10.4957095,11.11121501,11.13303866,11.38954651,11.15897311,11.17018101,11.04198828,10.91351994,10.45223633,10.46778829,9.903271574,10.28615974,10.74144051,10.18657076,9.577976732,9.734271414,10.16110187,10.11661757,9.668689554,9.334996541,9.004638752,8.837324134,9.033627494,8.69932535,,,,
Zambia,ZMB,12.0767491,12.43384907,12.86316375,12.07182452,13.31793325,13.16526178,12.28897818,12.34533119,12.51583321,12.06327529,11.97877235,11.74404264,11.58903894,11.19193645,10.75820604,10.36988546,9.839454201,9.104243165,8.751486367,8.232028169,7.765465643,7.756047284,7.576244229,7.468400569,7.398638071,7.343625415,,,,
Zimbabwe,ZWE,14.69713609,14.76262984,16.75449705,15.8620882,14.41690348,14.65485668,13.22321167,12.74989023,12.68069724,13.63483555,13.29570471,13.07171308,14.09594051,16.24076767,16.84627152,18.75025862,20.01010225,20.51115194,23.35813156,22.4607072,20.71308,19.71977119,18.43724649,18.15296658,15.74958139,15.80389705,,,,
